Id,FirstName,LastName,PhoneNumber,Email
1,John,Doe,555-123-4567,john.doe@example.com
2,Jane,Smith,555-987-6543,jane.smith@example.com
3,David,Lee,555-555-5555,david.lee@example.com
4,Sarah,Jones,555-111-2222,sarah.jones@example.com
5,Michael,Brown,555-333-4444,michael.brown@example.com
6,Emily,Davis,555-666-7777,emily.davis@example.com
7,Robert,Wilson,555-888-9999,robert.wilson@example.com
8,Ashley,Garcia,555-000-1111,ashley.garcia@example.com
9,William,Rodriguez,555-222-3333,william.rodriguez@example.com
10,Jessica,Martinez,555-777-8888,jessica.martinez@example.com